cluster_name,fee_recipient_address,withdrawal_address
Obol x Lido Simple DVT Cluster,0x3CD4958e76C317abcEA19faDd076348808424F99,0xE0C5ceA4D3869F156717C66E188Ae81C80914a6e
Obol x Lido Simple DVT Cluster,0x3CD4958e76C317abcEA19faDd076348808424F99,0xE0C5ceA4D3869F156717C66E188Ae81C80914a6e
Obol x Lido Simple DVT Cluster,0x3CD4958e76C317abcEA19faDd076348808424F99,0xE0C5ceA4D3869F156717C66E188Ae81C80914a6e
Obol x Lido Simple DVT Cluster,0x3CD4958e76C317abcEA19faDd076348808424F99,0xE0C5ceA4D3869F156717C66E188Ae81C80914a6e
Obol x Lido Simple DVT Cluster,0x3CD4958e76C317abcEA19faDd076348808424F99,0xE0C5ceA4D3869F156717C66E188Ae81C80914a6e
Obol x Lido Simple DVT Cluster,0x3CD4958e76C317abcEA19faDd076348808424F99,0xE0C5ceA4D3869F156717C66E188Ae81C80914a6e
Obol x Lido Simple DVT Cluster,0x3CD4958e76C317abcEA19faDd076348808424F99,0xE0C5ceA4D3869F156717C66E188Ae81C80914a6e
Obol x Lido Simple DVT Cluster,0x3CD4958e76C317abcEA19faDd076348808424F99,0xE0C5ceA4D3869F156717C66E188Ae81C80914a6e
Obol x Lido Simple DVT Cluster,0x3CD4958e76C317abcEA19faDd076348808424F99,0xE0C5ceA4D3869F156717C66E188Ae81C80914a6e
Obol x Lido Simple DVT Cluster,0x3CD4958e76C317abcEA19faDd076348808424F99,0xE0C5ceA4D3869F156717C66E188Ae81C80914a6e
Obol x Lido Simple DVT Cluster,0x3CD4958e76C317abcEA19faDd076348808424F99,0xE0C5ceA4D3869F156717C66E188Ae81C80914a6e
Obol x Lido Simple DVT Cluster,0x3CD4958e76C317abcEA19faDd076348808424F99,0xE0C5ceA4D3869F156717C66E188Ae81C80914a6e
Obol x Lido Simple DVT Cluster,0x3CD4958e76C317abcEA19faDd076348808424F99,0xE0C5ceA4D3869F156717C66E188Ae81C80914a6e
Obol x Lido Simple DVT Cluster,0x3CD4958e76C317abcEA19faDd076348808424F99,0xE0C5ceA4D3869F156717C66E188Ae81C80914a6e
Obol x Lido Simple DVT Cluster,0x3CD4958e76C317abcEA19faDd076348808424F99,0xE0C5ceA4D3869F156717C66E188Ae81C80914a6e
Obol x Lido Simple DVT Cluster,0x3CD4958e76C317abcEA19faDd076348808424F99,0xE0C5ceA4D3869F156717C66E188Ae81C80914a6e
Obol x Lido Simple DVT Cluster,0x3CD4958e76C317abcEA19faDd076348808424F99,0xE0C5ceA4D3869F156717C66E188Ae81C80914a6e
Obol x Lido Simple DVT Cluster,0x3CD4958e76C317abcEA19faDd076348808424F99,0xE0C5ceA4D3869F156717C66E188Ae81C80914a6e
Obol x Lido Simple DVT Cluster,0x3CD4958e76C317abcEA19faDd076348808424F99,0xE0C5ceA4D3869F156717C66E188Ae81C80914a6e
Obol x Lido Simple DVT Cluster,0x3CD4958e76C317abcEA19faDd076348808424F99,0xE0C5ceA4D3869F156717C66E188Ae81C80914a6e
Obol x Lido Simple DVT Cluster,0x3CD4958e76C317abcEA19faDd076348808424F99,0xE0C5ceA4D3869F156717C66E188Ae81C80914a6e
Obol x Lido Simple DVT Cluster,0x3CD4958e76C317abcEA19faDd076348808424F99,0xE0C5ceA4D3869F156717C66E188Ae81C80914a6e
Obol x Lido Simple DVT Cluster,0x3CD4958e76C317abcEA19faDd076348808424F99,0xE0C5ceA4D3869F156717C66E188Ae81C80914a6e
Obol x Lido Simple DVT Cluster,0x3CD4958e76C317abcEA19faDd076348808424F99,0xE0C5ceA4D3869F156717C66E188Ae81C80914a6e
Obol x Lido Simple DVT Cluster,0x3CD4958e76C317abcEA19faDd076348808424F99,0xE0C5ceA4D3869F156717C66E188Ae81C80914a6e
Obol x Lido Simple DVT Cluster,0x3CD4958e76C317abcEA19faDd076348808424F99,0xE0C5ceA4D3869F156717C66E188Ae81C80914a6e
Obol x Lido Simple DVT Cluster,0x3CD4958e76C317abcEA19faDd076348808424F99,0xE0C5ceA4D3869F156717C66E188Ae81C80914a6e
Obol x Lido Simple DVT Cluster,0x3CD4958e76C317abcEA19faDd076348808424F99,0xE0C5ceA4D3869F156717C66E188Ae81C80914a6e
Obol x Lido Simple DVT Cluster,0x3CD4958e76C317abcEA19faDd076348808424F99,0xE0C5ceA4D3869F156717C66E188Ae81C80914a6e
Obol x Lido Simple DVT Cluster,0x3CD4958e76C317abcEA19faDd076348808424F99,0xE0C5ceA4D3869F156717C66E188Ae81C80914a6e
Obol x Lido Simple DVT Cluster,0x3CD4958e76C317abcEA19faDd076348808424F99,0xE0C5ceA4D3869F156717C66E188Ae81C80914a6e
Obol x Lido Simple DVT Cluster,0x3CD4958e76C317abcEA19faDd076348808424F99,0xE0C5ceA4D3869F156717C66E188Ae81C80914a6e
Obol x Lido Simple DVT Cluster,0x3CD4958e76C317abcEA19faDd076348808424F99,0xE0C5ceA4D3869F156717C66E188Ae81C80914a6e
Obol x Lido Simple DVT Cluster,0x3CD4958e76C317abcEA19faDd076348808424F99,0xE0C5ceA4D3869F156717C66E188Ae81C80914a6e
Obol x Lido Simple DVT Cluster2,0x3CD4958e76C317abcEA19faDd076348808424F99,0xE0C5ceA4D3869F156717C66E188Ae81C80914a6e
Obol x Lido Simple DVT Cluster2,0x3CD4958e76C317abcEA19faDd076348808424F99,0xE0C5ceA4D3869F156717C66E188Ae81C80914a6e
Obol x Lido Simple DVT Cluster2,0x3CD4958e76C317abcEA19faDd076348808424F99,0xE0C5ceA4D3869F156717C66E188Ae81C80914a6e


